question_id,question,reference,candidate,human_score,notes
11_195805156_3_3,What behavioral change techniques were identified to build patient capacity to participate in care in the included studies?,"The included studies identified various behavioral change techniques to build patient capacity for participation in care. These techniques included restructuring the physical and social environments, shaping knowledge through collaborative learning experiences, providing feedback and monitoring, and setting goals and planning. These techniques aimed to empower patients and enhance their ability to actively engage in their healthcare.","The behavioral change techniques (BCTs) identified to build patient capacity to participate in care in the included studies were categorized into three main categories: antecedents, consequences and prompts/cues. Antecedents were the most frequently identified category of BCT, with 76 studies (87.3%) using antecedents. Antecedents were further coded into specific techniques, such as adding objects to the environment, which was identified in 48 studies (55.2%). Examples of adding objects to promote patient participation in care included the use of instructional videos and introduction of technologies like tablets.",,
11_25466716_2_1,What are the three surgical techniques used to treat uretero-ileal anastomotic stricture after radical cystectomy?,"The three surgical techniques used to treat uretero-ileal anastomotic stricture after radical cystectomy are the dipping technique, detour technique, and ileal tube flap ureteroplasty. The choice of technique depends on the length of the stenotic segment and the length of the dilated ureter.","The three surgical techniques used to treat uretero-ileal anastomotic stricture after radical cystectomy are the dipping technique, the transposition technique, and the transposition with a loop of ileum. The choice of technique depends on the length of the stenotic segment and the length of the dilated ureter. The dipping technique is used when the stenotic segment is short and the dilated ureter is long enough to allow a tension-free anastomosis. The transposition technique is used when the stenotic segment is longer and the dilated ureter is not long enough for a tension-free anastomosis. The transposition with a loop of ileum is used when the stenotic segment is very long and the dilated ureter is not long enough for a tension-free anastomosis.",,
1_19058538_1_3,What are the dimensions of the framework used to structure data collection and analysis?,"The framework used to structure data collection and analysis consists of four dimensions: Program Resources, Activities, Reinforcement Strategies, and Context and Organizational Culture. These dimensions help organize the investigation of achievement of program objectives and program sustainability.","The framework used to structure data collection and analysis includes dimensions such as organizational culture, organizational structure, and organizational processes. These dimensions were identified through a pilot study conducted in Brazil and were used to guide the development of data collection instruments and the analysis of the data.",,
1_3642292_3_3,How was the quality of the studies evaluated in the meta-analysis?,"The quality of the studies included in the meta-analysis was evaluated using the Newcastle-Ottawa Scale (NOS). The NOS assesses the quality of non-randomized studies in three domains: selection, comparability, and exposure. Studies with a score of at least 7 out of 9 were considered to be of high quality, while studies with a score ranging from 4 to 6 were defined as being of medium quality. This quality assessment helps ensure the reliability and validity of the included studies in the meta-analysis.","The quality of the studies in the meta-analysis was evaluated using the Jadad scale, which includes three items: randomization, blinding, and withdrawals and dropouts. The range of scores on the Jadad scale is 0-5, with a score higher than 3 points considered as high-quality studies.",,
38_2302847_9_2,How does blast exposure affect the cochlear anatomy?,"In a mouse model exposed to a blast wave and wind similar to that of a typical IED injury, the gross cochlear anatomy was found to be unaffected. Instead, the predominant pathological findings were the loss of outer hair cells in the basal region of the cochlea and spiral ganglion neuron loss. The hair cells that survived had normal stereociliary bundle morphology but showed loss of synaptic ribbons.","Blast exposure can lead to loss of spiral ganglion neurons (SGNs) in the cochlea. In the provided passage, it is mentioned that there was a significant reduction of SGNs in blast-exposed mice compared to controls. This loss of SGNs was observed in the apical regions of the cochlea and affected both inner hair cells (IHCs) and outer hair cells (OHCs). The loss of SGNs associated with blast trauma can result in inflammation within the cochlear modiolus.",,
38_58016789_1_1,What are the risk factors for falls in hemodialysis patients?,"Risk factors for falls in hemodialysis patients include achieving values of HbA1c≤6% with insulin treatment, advanced age, female gender, impaired mobility, psychological status, use of drugs, and vitamin D deficiency.","The risk factors for falls in hemodialysis patients include orthostatic hypotension, autonomic nervous system dysfunction, poor glycemic control, and decreased muscular strength, motor coordination, and postdialysis fatigue. These factors can contribute to a greater risk for falls in hemodialysis patients.",,
42_17637815_2_3,What variables were included in the regression models to estimate the overall effect of the intervention?,"Regression models A-E were used to estimate the overall effect of the intervention. Model A included variables assumed to be unrelated to the intervention, such as child-specific, household-specific, and sentinel area-specific variables. Model B included variables directly related to the intervention, such as indoor toilet, excreta disposal, and presence of open sewage nearby. Model C included mediating variables related to ancillary changes in environmental infrastructure. Model E included the coverage of each area with the new sewer system. The mediating proportion (MP) was calculated for each model to measure the risk reduction accounted for by the variables in the model.","The regression models included variables such as age, sex, ethnicity, education, and baseline disease severity. These variables were used to estimate the overall effect of the intervention.",,
42_9447591_2_1,What is the significance of JUNB expression in tumor cells?,JUNB expression in tumor cells can be used as a marker to determine the presence of colorectal adenocarcinoma and epidermal basal and suprabasal keratinocytes. The level of JUNB expression is qualitatively defined based on the proportion of tumor cells showing nuclear positivity. This information can help in diagnosing and assessing the extent of tumor growth.,"JUNB expression in tumor cells is significant as it can indicate the presence of certain types of lymphomas, such as C-ALCL and MF. The level of JUNB expression can be used to classify and diagnose these lymphomas. Additionally, JUNB expression can also be used as an internal control to assess the efficiency of immunohistochemistry.",,
73_4464378_3_2,How does the body composition of preterm infants compare to that of fetuses in utero?,"The body composition of preterm infants was compared to normative values obtained from appropriate-for-gestational-age infants of similar weight. At hospital discharge, both the control group and the experimental group had low BMC compared to the expected values (35% and 45% of expected BMC, respectively). However, at expected term, only the control group had low BMC (70% of expected BMC). Both groups had normal body composition at hospital discharge and expected term.",The body composition of preterm infants was compared to that of fetuses in utero by comparing body composition assessed at discharge and at expected term with normative values obtained in appropriate-for-gestational-age infants of similar weight measured by using DXA within the first 48 h after birth. The results showed that preterm infants had a higher fat mass and lower lean mass compared to fetuses in utero.,,
82_4609453_1_2,What knowledge assessments were conducted in the survey and how were the knowledge scores calculated?,"The survey included knowledge assessments of H7N9 and MERS. Participants were asked to answer 'yes', 'no', or 'not sure' on sections related to the scientific understanding and transmission modes of H7N9 and MERS. The knowledge scores were calculated using a negative-marking scoring method, where correct answers received a positive value, incorrect answers were given a negative value, and 'not sure' or omitted answers were given a value of zero.","The survey included seven Likert-scale questions measuring the outcome, with three questions assessing knowledge on the influence of alcohol on driving ability, reflexes, judgment, and decision-making, and consumption of alcohol under the age of 21 on brain development. The knowledge scores were calculated based on the responses to these questions, with a maximum score of 51 points corresponding to 'perfect' knowledge.",,
11_11277870_4_2,What were the cost differences between the FFH group and the UC group in terms of total NHS and personal social service costs over the follow-up period?,"The mean total NHS and personal social service costs over the follow-up period were estimated at £998 for the FFH group compared to £548 for the UC group. This resulted in a cost difference of £450 (bootstrap 95% CI £249, £650; p<0.001). The FFH group had higher costs compared to the UC group.","The CPRS showed no difference between (or within) groups in terms of total NHS and personal social service costs over the follow-up period. The mean (SE) total NHS and personal social service costs were estimated at £998 (£72) for the FFH group compared with £548 (£73) for the UC group. The cost difference was £450 (bootstrap 95% CI £249, £650; p<0.001).",,
11_11407890_3_2,How is the metabolic stability of a molecule measured?,"The metabolic stability of a molecule is measured by incubating it with pooled microsomes from non-induced rats. After incubation, the disappearance of the parent molecule is measured using HPLC analysis. The extent of metabolism is determined by calculating the percent of parent molecule remaining.","The metabolic stability of a molecule can be measured using various assays. One common method is the MTT assay, which measures the reduction of MTT by viable cells. The percent control values are determined by dividing the mean absorbance/fluorescence of the treatment group by the mean absorbance of the control group and multiplying by 100. Additionally, metabolic stability can be assessed using pooled microsomes from non-induced male Sprague-Dawley rats.",,
11_32784912_3_2,What treatment options were used to support the circulation in the patient?,"In order to support the circulation in the patient, isoprenaline infusion and rapid blood volume expansion were initially used. However, when isoprenaline became insufficient, adrenaline was used for five days. Weaning was accompanied by transfusion of large volumes of colloid-containing fluids. Later, peritoneal dialysis was instituted and isoprenaline was used instead of adrenaline.","The patient received adrenaline to support the circulation, and after excluding a cardiac tamponade, adrenaline was used for five days. Additionally, the patient was digitalized and a noradrenaline infusion was administered.",,
11_4306667_0_1,What are some methods used by food and drink manufacturers to market their products to children?,"Food and drink manufacturers use various methods to market their products to children. These include using illustrations targeted to children on packaging material, introducing gifts in packages, challenges which include saving several packages, and becoming a member of a club. Websites where children become members and get regular newsletters or mailings are common, and sports is often depicted in combination with advertisements for soft drinks or chocolate bars.","Food and drink manufacturers use various methods to market their products to children, including nutrition, health, and/or quality claims, endorsement, and emotional manipulation. These marketing techniques aim to appeal to children and influence their purchasing decisions.",,
11_49209510_5_2,"How do plasma levels of high sensitive CRP, fibrinogen, and WBC count relate to exacerbations in COPD patients?","A study found that the combination of plasma levels of high sensitive CRP, fibrinogen, and WBC count were associated with increased risk of exacerbations in COPD patients, regardless of the disease severity and the exacerbation history. However, after multivariable adjustment including previous exacerbations, only the elevated WBC count remained statistically significant as a predictive biomarker of future exacerbations.","A more recent study found that the combination of plasma levels of high sensitive (hs) CRP (3 mg/L), fibrinogen (14 µMol/L) and WBC count (9 × 10 9 /L) were associated with increased risk of exacerbations in COPD patients, regardless of the disease severity and the exacerbation history. Fibrinogen is a biomarker recurrently studied in COPD patients. Several trials showed that plasma fibrinogen levels are increased during exacerbations in comparison with the stable state. However, fibrinogen has a better use as a potential biomarker for exacerbation risk and mortality in COPD patients rather than for defining of AECOPD.",,
11_50071_0_3,What are the potential complications of retroperitoneal surgeries like spinal or urologic surgeries?,"Potential complications of retroperitoneal surgeries like spinal or urologic surgeries include injuries to lumbar arteries and their ramifications, which are extremely rare. Other complications may include delayed hemorrhage, spinal cord injury, and damage to surrounding organs.","Injuries to lumbar arteries and their ramifications are extremely rare complications of retroperitoneal surgeries like spinal or urologic surgeries. These injuries can occur secondary to spinal fusion or instrumentation, abdominal trauma, or invasive diagnostic and treatment procedures such as ureteroscopy, vertebral biopsy, and percutaneous nephrolithotomy.",,
11_7601558_1_2,How were the in-person MI and web-MI interventions developed and adapted for this population?,The in-person MI and web-MI interventions were developed and adapted for this population through focus groups with DUI program staff and clients. The interventions were then iteratively revised based on individual usability testing interviews with web-MI clients who were already enrolled in the DUI program. The interventions were developed simultaneously in English and Spanish to ensure cultural equivalence.,"The in-person MI intervention was developed through focus groups with DUI program staff and clients. The web-MI intervention was then adapted for the web, and individual usability testing interviews were conducted with web-MI clients who were already enrolled in the DUI program. The usability feedback was used to iteratively revise the interventions. Both the in-person and web-MI interventions consisted of one 45-min individual session and two 10-min booster sessions delivered by the same facilitator. The content of both interventions was adapted from earlier MI work and covered similar content, but the efficacy of the revised interventions had not been tested until the current pilot study.",,
11_7950081_1_3,How do EMG and SQI scores vary between frontal and mandibular positions at different anesthesia time points?,"EMG and SQI scores vary between frontal and mandibular positions at different anesthesia time points. Mean EMG scores were significantly different between the two positions during awake, intubation, and emergence time points, with mandibular scores being significantly higher than frontal scores. Mean SQI scores were significantly higher in the frontal position than in the mandibular position, except during incision and maintenance time points. These variations suggest differences in muscle activity and signal quality between the two sensor positions.","The mean EMG scores were below 40 at all time points except during awake and emergence time points. Mean EMG scores were significantly different between frontal and mandibular positions during the awake, intubation, and emergence time points: mandibular scores were significantly higher than frontal scores at all time points except LOC, incision and maintenance. Average SQI was over 80. In the frontal position, mean SQI scores were below 80 during awake or intubation time points, while in the mandibular position, they were below 80 during awake, LOC, intubation and emergence time points.",,
11_86396707_1_2,How was statistical processing conducted in the meta-analysis?,"Statistical processing in the meta-analysis was performed using RevMan 5.3 software provided by Cochrane Collaboration. The statistics of the count data were expressed by odds ratio (OR) and 95% confidence interval (CI), while the statistics of the measurement data were expressed by weighted mean difference (WMD) and 95% CI. Statistical heterogeneity between the studies was assessed using the χ2 and I2 statistical tests.",Statistical processing in the meta-analysis was conducted using RevMan 5.3 software provided by Cochrane Collaboration. The software was used to perform the meta-analysis and assess the quality of the studies included in the analysis.,,
1_17635063_3_3,What factors will be evaluated in the economic and process evaluation of the Gold Coast Integrated Care program?,"The economic and process evaluation of the Gold Coast Integrated Care program will consider factors such as costings of the model, utilization of various services, cost per patient based on demographic and clinical condition, hospital admissions, average bed days per episode, major procedures, and the rate of avoidable hospitalizations. It will also compare the program to usual care by using a control group of matched patients with complex and chronic conditions. Health status indicators, adherence to clinical guidelines, adverse events, health risks, and mortality will also be analyzed.","The economic and process evaluation of the Gold Coast Integrated Care program will evaluate the cost-effectiveness of the model, the change in health outcomes, and the contextualised evaluation of clinical and professional engagement. The economic evaluation will provide precise costings of the model according to utilisation of various services and cost per patient according to demographic and clinical condition, hospital admissions by Diagnostic Related Group, status on discharge, average bed days per episode per condition, major procedures and the rate of avoidable hospitalisations for those with acute exacerbation of their condition. The process evaluation will monitor four domains to address the aims of describing how the intervention works in the resource-constrained setting of rural Vietnam and how to integrate the model into existing national programs.",,
1_17781243_0_2,How would the unit cost at a mixed site change with varying ratios of surgical to PrePex-based circumcisions?,"The unit cost at a mixed site would likely change with varying ratios of surgical to PrePex-based circumcisions. If the ratio of surgical circumcisions to PrePex-based circumcisions increases, the unit cost may decrease as the cost of surgical VMMC is typically lower than that of PrePex-based VMMC. Conversely, if the ratio of PrePex-based circumcisions increases, the unit cost may increase due to the higher cost associated with the PrePex device. Therefore, the ratio of surgical to PrePex-based circumcisions is an important factor to consider when evaluating the cost implications of integrating the PrePex device into an existing VMMC program.","The unit cost at a mixed site would change with varying ratios of surgical to PrePex-based circumcisions. The study found that the unit cost at the mixed study site was $10.50, which was lower than the unit cost at the routine surgery site ($12.50). This difference in unit costs was due to the fact that the mixed study site had a higher proportion of PrePex-based circumcisions (16%) compared to the routine surgery site (0%). The unit cost at the mixed study site was calculated as the average unit cost of all circumcisions provided, including both conventional surgical VMMCs and PrePex-based VMMCs.",,
1_205873925_6_1,What are some challenges in initiating changes to clinical practice?,"Initiating changes to clinical practice can be challenging both in terms of achieving the change and evaluating its effectiveness. Kanouse and Jacoby (1988) highlight the difficulty in achieving changes to clinical practice, while Waddell (2002) emphasizes the challenges in evaluating these changes.","Some challenges in initiating changes to clinical practice include the need for exceptional effort, the different developmental pathways that practices may take, and the potential for a slight worsening of patients' perception of care in the short term. Additionally, there may be resistance to change from stakeholders, as they may draw upon uncertainties to construct barriers before collaborative interaction even takes place.",,
1_22113805_2_2,What are the different skin reactions that were assessed in the pig skin model and how were they evaluated?,"The observers assessed the irradiated skin fields for acute epidermal reactions of erythema, and dry and moist desquamation, as well as late dermal reactions of dusky mauve erythema and dermal necrosis. The scoring system used to evaluate these reactions describes the absence or presence of each reaction in each field, allowing for the assessment of their incidence and severity.","The different skin reactions that were assessed in the pig skin model include moist desquamation, dusky mauve erythema, and dermal necrosis. These skin reactions were evaluated based on their presence or absence in each field. The incidence of the skin reactions was analyzed using logit analysis to derive dose response curves and estimate the associated ED 50 values. The latent periods for all skin reactions in Yorkshire and Dutch Large White pigs after X-irradiation and HDR 192 Ir irradiation were also presented.",,
1_30271275_3_3,What are the findings regarding individuals with previously unidentified TBI?,"A study found that 12% of individuals who self-identified as non-TBI controls reported having sustained one or more TBI events when they completed the BISQ. These individuals with previously unidentified TBI reported similar levels of cognitive and behavioral symptoms compared to individuals with known TBI. However, individuals with unidentified TBI demonstrated poorer working memory. These findings suggest that individuals in the community with previously unidentified TBI have similar symptom profiles as individuals with known TBI but may have poorer functioning in some areas.","The findings indicate that individuals with previously unidentified TBI have similar symptom profiles as individuals with known TBI and in some areas may demonstrate poorer functioning. However, they do not causally associate their symptoms with a prior brain injury. Substance abuse is a risk factor for TBI and is also a common sequela of TBI, even among individuals who did not evidence preinjury substance abuse.",,
1_38695021_5_2,How can the healing process be improved after a mastoid operation?,"To improve the healing process after a mastoid operation, several techniques can be employed. One important factor is the saucering-out of the cavity, which helps in quick healing and reduces the risk of fistula formation. Another technique is the use of injections of novocain and adrenalin, which render the area of operation practically bloodless, making it easier to examine the middle-ear and attic. Additionally, removing adenoids in cases where the patients are not seriously ill has been found to promote faster healing and dryness of the ear.","The healing process after a mastoid operation can be improved by waiting until the mastoiditis is localized and suppuration is present before performing the operation. This allows for better healing and reduces the risk of complications. Additionally, the use of drainage tubes for a short period of time can aid in the healing process. It is also important to avoid packing the ear in acute cases, as it can lead to complications such as fistula. The choice of surgical technique, such as radical mastoidectomy or CWD, should be based on individual patient factors and the specific condition being treated.",,
1_41360150_3_3,What were some of the challenges and gaps in knowledge identified during the symposium regarding the history of anatomical institutes during the Third Reich?,"The symposium highlighted several areas that require further investigation. These include the identification of the victims, the fate of anatomical and neurological specimens, the political affiliations of leading anatomists with the NS regime, and the postwar consequences of the history. The symposium also emphasized the need for historical investigations of anatomical institutes that have not been conducted yet.","The symposium highlighted the need for further research and investigation into the history of anatomical institutes during the Third Reich. It was noted that much work still needs to be done in this field, including the identification of victims, displaced anatomists, and a closer analysis of the postwar consequences of the history. The symposium also emphasized the importance of addressing the personal continuity of careers of anatomists who had profited from the NS regime and the difficulty of their students accepting their teachers' involvement with a criminal regime.",,
11_11684331_1_1,What are the common clinical manifestations and complications associated with homocystinuria due to CBS deficiency?,"Homocystinuria due to CBS deficiency is characterized by various clinical manifestations, including ocular pathology such as lens subluxation, skeletal pathology such as valgus deformity of shins and kyphoscoliosis, and psychiatric abnormalities. Complications can include secondary glaucoma, ischemic stroke, and thrombosis.","Homocystinuria due to CBS deficiency is an autosomal recessive inborn error of metabolism characterized by a defect in the trans-sulfuration of homocysteine to cysteine. The clinical manifestations of homocystinuria include dislocated lens and/or severe myopia, skeletal features such as osteoporosis, scoliosis, and chest deformities, and cardiovascular disease. Additionally, patients with homocystinuria may develop ocular pathology, specifically lens subluxation, which can be complicated by the development of secondary glaucoma requiring urgent surgical intervention.",,
11_12564527_0_2,"What challenges have teaching hospitals faced in meeting educational requirements for residents while balancing patient care needs, especially in high-acuity settings like trauma centers?","Teaching hospitals, particularly those with high-acuity patient populations like Level One trauma centers, have encountered difficulties in meeting educational requirements for residents due to factors such as work-hour limitations, increasing patient volumes, and the need for collaborative care across services. The strain on faculty members to balance clinical responsibilities with teaching obligations has led to a reevaluation of traditional teaching methods and the need for innovative solutions to address the educational needs of residents.","Teaching hospitals have faced challenges in meeting educational requirements for residents while balancing patient care needs, particularly in high-acuity settings like trauma centers. The combination of rapidly expanding technologies, changing consumer expectations, government oversight, workweek limitations on residents, and a more collaborative paradigm of care have strained capacity in teaching hospitals. Additionally, the reliance on advance practice providers, such as nurse practitioners and physician assistants, has further complicated the situation. These challenges have led to concerns about the future of the system and the need for improved training and commitment to the trauma registry project.",,
11_12916671_1_3,"What preoperative evaluations and postoperative examinations are recommended for patients undergoing surgery for congenital ophthalmoplegia, and what post-surgical treatments are recommended to avoid negative reactions?","Prior to surgery, evaluations of the function of the frontalis muscle, lacrimal tears, and corneal sensitivity are recommended for patients with congenital ophthalmoplegia. Post-surgery, treatment with artificial tears in the form of hydroxymethylcellulose or polyvinylpyrrolidine alkaline eye drops, as well as simple ointment at night, is recommended to avoid negative reactions such as corneal exposure.","Preoperative evaluations for patients undergoing surgery for congenital ophthalmoplegia include testing the function of the lacrimal tears and sensitivity of the cornea. Postoperative examinations are recommended for all affected members who have undergone surgery. To avoid post-surgical negative reactions such as corneal exposure, treatment with artificial tears in the form of hydroxymethylcellulose, or polyvinylpyrrolidine alkaline eye drops and with simple ointment at night is recommended after surgery.",,
11_13591796_3_2,What are some potential mechanisms that explain the relationship between intracranial pressure (ICP) and intraocular pressure (IOP)?,"Some potential mechanisms include the transmission of elevated ICP through the eyeball via the cerebrospinal fluid surrounding the optic nerve sheath, the direct transmission of increased ophthalmic venous pressure to the ocular fluid, and the transmission of increased venous pressure in the cavernous sinus to episcleral veins through the superior ophthalmic vein, causing a rise in IOP.","Some potential mechanisms that explain the relationship between ICP and IOP include the optic nerve sheath transmitting elevations of ICP through the eyeball, raising the IOP. Other mechanisms suggest that the rise in ophthalmic venous pressure could be transmitted directly to the ocular fluid, raising IOP, or increased venous pressure in the cavernous sinus is transmitted to episcleral veins by the superior ophthalmic vein, causing the rise in IOP.",,
11_13991432_1_1,How do biomarkers of exposure to cigarette smoke constituents provide objective information on individual exposure?,"Biomarkers of exposure, such as nicotine, total nicotine metabolites, and total NNAL, measured in 24-hour urine samples of smokers, provide objective information on the amount of these substances present in the body. These biomarkers indicate the level of exposure to cigarette smoke constituents and can be used to assess individual exposure to nicotine and harmful compounds.","Biomarkers of exposure to cigarette smoke constituents, such as nicotine, total nicotine metabolites, and total NNAL, provide objective information on individual exposure by measuring the amount of these substances present in 24-hour urine samples of smokers. These biomarkers indicate the level of exposure to nicotine and other harmful constituents in cigarette smoke, allowing for a more accurate assessment of individual smoking habits and potential health risks.",,
11_14443160_12_2,What are some potential reasons for failure to puncture the dura with the spinal needle during CSE anesthesia?,"Failure to puncture the dura with the spinal needle during CSE anesthesia can occur due to various circumstances. The epidural needle tip may not be located in the epidural space, or the spinal needle may fail to puncture the dura or not reach it because of the depth of the posterior epidural space. Another possibility is that the epidural needle may be angled away from the midline or in a sagittal plane off the midline, causing the spinal needle to traverse the lateral epidural space without puncturing the dura. In such cases, the anesthesia provider may choose to continue with epidural anesthesia or reposition the epidural needle and attempt the CSE technique again.","Failure to puncture the dura with the spinal needle during CSE anesthesia can occur in several circumstances. One reason is if the epidural needle tip is not located in the epidural space. Another reason is if the spinal needle fails to puncture the dura or does not reach the dura due to the depth of the posterior epidural space. Additionally, the epidural needle may be angled away from the midline or in a sagittal plane off the midline, causing the spinal needle to traverse the lateral epidural space without puncturing the dura.",,
11_14857318_1_1,What are the effects of CHI3L1 deficiency on chronic colitis?,"CHI3L1 deficiency exacerbates chronic colitis, leading to more severe clinical symptoms such as diarrhea, bloody stool, and hunching posture. It also results in mucosal erosions and atrophy in the colon, as well as significant inflammatory responses with immune cell infiltration. CHI3L1 expression in the intestines during intense inflammatory conditions provides a certain degree of protection by promoting the survival and proliferation of intestinal epithelial cells (IECs).","CHI3L1 deficiency exacerbates chronic colitis, as evidenced by the more severe clinical symptoms observed in Brp39 KO mice compared to WT mice. The lack of CHI3L1 leads to increased inflammation and damage in the colon, as indicated by the higher levels of BW loss, diarrhea, bloody stool, and hunching posture in Brp39 KO mice. Additionally, the histological examination of the colon showed more severe inflammation and damage in Brp39 KO mice.",,
11_169038224_0_1,What are the key challenges faced in the implementation of alcohol policy in Scotland?,The implementation of alcohol policy in Scotland faces challenges related to accountability mechanisms within the alcohol licensing regime. These challenges can hinder the effective implementation of alcohol policy and the pursuit of public health goals. Limited empirical research has been conducted on how accountability processes within alcohol licensing influence Scottish alcohol policy implementation.,"The key challenges faced in the implementation of alcohol policy in Scotland include the complexity of the licensing regime, the need for effective accountability mechanisms, and the ongoing implementation of other alcohol policy measures. The licensing regime, which is a key competency devolved to the Scottish Parliament, presents challenges to the effective implementation of alcohol policy. Additionally, there is a need to understand the challenges and facilitators of Scottish alcohol policy implementation, particularly in relation to accountability within the licensing regime.",,
11_18349792_0_1,What are the limitations of liver biopsy as a method for assessing liver fibrosis in patients with viral hepatitis B or C?,"Liver biopsy has several limitations as a method for assessing liver fibrosis in patients with viral hepatitis B or C. It is an invasive procedure that is prone to sampling errors and to intra- and interobserver variation. Recent guidelines recommend a biopsy of at least 2-3 cm in length, obtained with a 16-gauge needle, that contains more than 11 complete portal tracts for adequate staging and grading of diffuse parenchymal disease. However, in clinical practice, few percutaneous needle biopsies meet these criteria. These limitations, along with the development of noninvasive methods and powerful virologic tools, have led to a reduction in the use of liver biopsy in the management of patients with viral hepatitis.","Liver biopsy has several limitations as a method for assessing liver fibrosis in patients with viral hepatitis B or C. These limitations include its invasive nature, relatively high cost, small sampling size, interpretational variability, and limited patient acceptance, especially in children. These factors have led researchers to explore alternative, noninvasive methods for evaluating hepatic fibrosis.",,
11_186203688_6_2,How does vitamin D affect neuronal function in the central nervous system?,"Vitamin D, specifically vitamin D3, acts as a neuroactive steroid in the brain. It can bind to nuclear or membrane vitamin D receptors and regulate various functions in the central nervous system. These functions include the regulation of neurotransmitters, neuronal differentiation, axonal growth, voltage-sensitive calcium channels, neurotrophic factors, and reactive oxygen species (ROS). By influencing these processes, vitamin D can impact proper neuronal function.","Vitamin D affects neuronal function in the central nervous system by regulating neurotransmitters, neuronal differentiation, axonal growth, voltage-sensitive calcium channels, neurotrophic factors, and ROS. It can also influence the expression of genes involved in cell differentiation, growth, antioxidative, and autoimmune inflammatory mechanisms.",,
11_196812252_0_1,"What are the challenges in conducting randomized clinical treatment trials (RCT) for rare childhood rheumatic diseases, and how does comparative effectiveness research address these challenges?","Conducting RCTs for rare childhood rheumatic diseases is challenging due to factors such as lack of consensus on assessment methods, difficulties in enrollment, and limited funding. Comparative effectiveness research, endorsed by the Childhood Arthritis and Rheumatology Research Alliance (CARRA), offers an alternative approach. This method allows multiple centers to collectively study patient outcomes during routine care, enabling a larger and more diverse patient population to be studied at a lower cost. Statistical analyses that account for potential confounders are crucial in this type of research design. Comparative effectiveness research also allows for the comparison of optimized regimens of commonly used treatments for rare diseases with newer medications.","Conducting randomized clinical treatment trials (RCT) for rare childhood rheumatic diseases is challenging due to factors such as lack of consensus on methods of assessment, logistical difficulties in enrollment, and limited funding. Comparative effectiveness research (CER) addresses these challenges by allowing for the comparison of commonly used treatments to newer medications, optimizing regimens, and providing reliable data on the effectiveness of different treatment approaches. CER studies, such as consensus treatment plans (CTPs) and pilot studies, have been developed and published by CARRA investigators for several diseases, including systemic juvenile idiopathic arthritis and systemic lupus proliferative nephritis.",,
11_23329497_2_2,"How is acute respiratory distress syndrome (ARDS) related to AOSD, and how does it impact treatment?","ARDS has been reported in cases of AOSD, and it is important to recognize its presence in order to initiate appropriate therapy. In cases where ARDS is suspected, patients are initially managed with antibiotic therapy. However, if the patient does not respond to antibiotics and other clinically compatible manifestations of AOSD are present, such as spiking fevers and high ferritin levels, a diagnosis of AOSD complicated by ARDS should be considered. Treatment with high dose corticosteroids has shown positive clinical and serological responses in most cases.","ARDS is a severe complication of AOSD, and its presence can significantly impact treatment. In the case presented, the patient's ARDS was initially managed with antibiotic therapy, but the subsequent diagnosis of AOSD complicated by ARDS led to a change in management. High dose corticosteroid therapy was initiated, which resulted in improvement in respiratory and clinical status. The presence of ARDS in AOSD patients can be challenging to diagnose, but early recognition is crucial for initiating appropriate corticosteroid therapy.",,
11_23562865_13_2,What is the mortality rate associated with pregnancy in women with PAH?,"Previously, pregnancy in women with PAH was estimated to have a mortality rate of 30% to 50%. However, more recent data indicate that the outcome of pregnancy in PAH has improved, with a reported maternal mortality rate of 12% in a recent survey. Despite this improvement, pregnancy in PAH still carries a substantial mortality risk.","The mortality rate associated with pregnancy in women with PAH is estimated to be 30% to 50%. However, more recent data indicate that the outcome of pregnancy in PAH has improved, with a reported maternal mortality rate of 12%. Despite this improvement, pregnancy remains associated with a substantial mortality risk.",,
11_23618696_2_3,How does CEUS contribute to the categorization and detection of intrabiliary metastatic lesions of non-hepatic origin?,"CEUS is useful in categorizing intrabiliary metastatic lesions of non-hepatic origin, particularly gastrointestinal malignancies like colonic cancer. CEUS helps differentiate these lesions from malignant primary lesions and can detect fully intraductal lesions or secondary invasive lesions from adjacent liver metastases.","CEUS is useful in categorizing intrabiliary metastatic lesions of non-hepatic origin. These lesions can be challenging to differentiate from malignant primary lesions. CEUS can help identify these lesions, which can present as fully intraductal or secondary invasive lesions from adjacent liver metastases. By using CEUS, the detection of intrabiliary metastatic lesions can be improved, aiding in the diagnosis and management of these conditions.",,
11_24078571_6_1,How do illicit drugs potentially affect mother-to-child transmission (MTCT) of HIV-1?,"Illicit drugs can impact MTCT of HIV-1 through various mechanisms. First, drug use during pregnancy can increase the risk of preterm birth, which is associated with increased MTCT. Additionally, drug use may be linked to increased HIV-1 viral load or failure to suppress viral load in the presence of HAART. Illicit drugs like cocaine, heroin, and amphetamines have been shown to independently increase HIV-1 plasma viral loads, despite the use of HAART. Drug use is also associated with lower adherence to HAART regimens, which can lead to reduced viral load suppression. Other potential mechanisms include drug interactions with antiretroviral (ARV) medications and placental injury.","Illicit drugs can potentially affect MTCT of HIV-1 through several mechanisms. First, drug use during pregnancy can increase the risk of preterm birth, which is associated with increased MTCT. Prenatal cocaine and amphetamine exposure have been associated with preterm birth. Additionally, drug use is associated with lower adherence to HAART regimens, which can lead to reduced viral load suppression. Other mechanisms include drug interactions with ARV medications and placental injury. Cocaine exposure during pregnancy has been associated with an increased risk of placental abruption.",,
11_24380155_1_2,What are the surgical options for patients with near-total aganglionosis (NTAG) who require long-term parenteral nutrition?,"In cases of short aganglionic segment, surgical resection of the diseased segment and restoration of gut continuity can achieve good results and long-term outcomes. However, in patients with NTAG, surgical resection does not leave enough normal bowel to support full enteral feeding, and prolonged parenteral nutrition is necessary. New surgical options have been considered, such as retaining part of the diseased small bowel, such as a right colon patch or ""myectomy-myotomy."" However, the results with these techniques are still poor, with limited success and high rates of postoperative complications.","Surgical options for patients with NTAG who require long-term parenteral nutrition include total parenteral nutrition (TPN) and innovative surgical techniques. However, the very extensive forms of the disease still carry a poor prognosis. New surgical options have been considered that retain part of the diseased small bowel, such as right colon patch or ""myectomy-myotomy."" However, results with these techniques are still poor, with limited success and high rates of postoperative complications. Small bowel transplant has emerged as a possible surgical treatment for NTAG, but earlier referral to an expert unit is recommended to preserve the option of continuing conservative management and parenteral nutrition.",,
1_59578637_2_2,How are pancreatic secretions stimulated and what is their role in the digestive process?,"Pancreatic secretions are primarily stimulated by chyme in the upper small intestine. Acid chyme from the stomach, with a pH less than 4.5, releases and activates secretin, which causes the ductal endothelial cells to produce copious volumes of pancreatic fluid containing high concentrations of bicarbonate ions. This bicarbonate-laden fluid neutralizes gastric acid and provides an alkaline medium in the duodenum and upper jejunum, which is optimal for the action of pancreatic enzymes. Cholecystokinin, released in response to products of partial protein digestion, long chain fatty acids, and hydrochloric acid, stimulates the secretion of acinar cell enzymes.",Pancreatic secretions are stimulated primarily in response to chyme in the upper small intestine. The characteristics of the secretions are determined to some extent by the types of food substances in the chyme. Pancreatic secretions play an essential role in digestion and glucose homeostasis. They are controlled by a host of neuronal and hormonal signaling pathways that modulate not only secretion but also the cellular integrity of the gland.,,
1_6273542_2_1,What are the risk factors associated with the development or progression of peripheral neuropathy in patients with diabetes?,"Risk factors associated with the development or progression of peripheral neuropathy in patients with diabetes include longer duration of diabetes, greater prevalence of other microvascular complications, higher aortic stiffness, hypertension, poorer glycaemic control, and insulin use.","The risk factors associated with the development or progression of peripheral neuropathy in patients with diabetes include the duration of diabetes, glycemic control (as indicated by HbA1c levels), and the presence of other complications such as ischemia and hypoxia. The risk for micro and macro vascular complications, including neuropathy, begins to increase at an HbA1c level of 6.5%. Additionally, the duration of diabetes is a significant factor, with the risk of developing neuropathy increasing over time.",,
1_78198143_4_2,How does the Pacific region address the prevention and control of non-communicable diseases (NCDs)?,"The Pacific region recognizes the significant burden of NCDs and recommends that Pacific Island Countries (PICs) develop NCD targets and indicators. Lifestyle interventions have shown effectiveness in reducing the incidence of Type 2 diabetes in high-risk populations. Tonga, for example, has reduced its rate of diabetes-related leg amputations by 50% in six years. Efforts are being made to improve data collection and monitoring of NCD prevalence and risk factors in the region.","The Pacific region has implemented various policy interventions and programs to address the prevention and control of NCDs. These efforts include the development of policy measures for promoting a healthy diet, as recommended by the World Health Organization (WHO) in 2013. Additionally, there have been initiatives to support local agriculture and improve food security. However, challenges such as insufficient engagement from other sectors and a lack of significant decline in NCD rates have been observed. A good nutrition monitoring system is crucial for developing and strengthening policies and actions, as well as evaluating health interventions in the Pacific region.",,
38_14491776_2_1,What are the risk factors associated with developing a second primary tumor after being diagnosed with breast cancer?,"Risk factors for developing a second primary tumor after being diagnosed with breast cancer include age at diagnosis, with women diagnosed at a younger age having a higher risk. Additionally, the grade of the breast cancer, race, and extent of disease also play a role in determining the risk of developing a second tumor. Higher-grade breast tumors and more advanced disease stage are associated with a higher risk of developing a second tumor.","The risk factors associated with developing a second primary tumor after being diagnosed with breast cancer include age at diagnosis, time since diagnosis, and treatment options such as radiation and chemotherapy. Women diagnosed with breast cancer at a younger age have a higher risk of developing a second primary tumor, particularly within the first 10 years of their initial diagnosis. The risk decreases with increasing age at first diagnosis and with increasing years since diagnosis. Additionally, treatment options such as radiation and chemotherapy may also contribute to the risk of developing a second primary tumor.",,
38_17351134_0_1,What are the diagnostic tools used for the detection of hydatid cysts in the liver?,The diagnostic tools used for the detection of hydatid cysts in the liver include ultrasound and computed tomography (CT). Ultrasonography is the first choice diagnostic tool in the majority of patients due to its low cost and high availability. Liver scans have also been used in the past but have been replaced by ultrasound and CT recently.,"The diagnostic tools used for the detection of hydatid cysts in the liver include ultrasonography (USG), tomography, and indirect hemaglutination (IHA) tests. Ultrasonography is the first choice diagnostic tool due to its low cost and high availability. Tomography is used to evaluate the anatomy of the cyst and its relationship with the surrounding tissue. IHA tests are used to confirm the diagnosis of hydatid cysts.",,
38_2899130_3_1,What are some potential risk factors for anastomotic leakage after laparoscopic colorectal surgery?,"Some potential risk factors for anastomotic leakage after laparoscopic colorectal surgery include a short distance of the tumor from the anal verge, a subsequent low anastomosis, and intersections of staple lines. These factors may increase the likelihood of anastomotic leakage and should be considered during the surgical procedure.","Some potential risk factors for anastomotic leakage after laparoscopic colorectal surgery include the distance of the tumor from the anal verge, the number of intersections of staple lines, and the use of a circular stapler. These factors can affect the blood supply to the rectal remnant and increase the risk of anastomotic leakage. However, it is important to note that the results of different studies may vary, and further research is needed to fully understand the risk factors for anastomotic leakage.",,
38_3816755_3_1,"What are the differences in dynamics of the mitral annulus between patients with functional mitral regurgitation (FMR), functional end-diastolic mitral regurgitation (FED), and Barlow's disease (BD)?","The dynamics of the mitral annulus differ significantly between patients with FMR, FED, and BD. In FMR patients, the mitral annulus is enlarged and stiff. In contrast, FED patients have a more flexible mitral annulus that is influenced by left ventricular forces. BD patients show excessive flexibility and motion of the mitral annulus during systole, leading to late systolic overexpansion of commissural width and exaggerated flattening of the annulus.","The dynamics of the mitral annulus differ significantly across the different mechanisms of MR (FMR, FED, and BD). In FMR patients, the mitral annulus is enlarged and stiff, while in both FED and BD patients, it is characterized by excessive flexibility and motion during systole. FED patients showed dilatation of the mitral annulus comparable to that of FMR, but the dynamics through the cardiac cycle are completely opposite. In FED patients, the mitral annulus is more flexible and more influenced by left ventricular forces. BD patients, on the other hand, have increased dynamics of the annulus height and AHCWR, which are significantly associated with the amount of 3D Rvol. These differences in dynamics of the mitral annulus have important implications for MR quantification and may not be captured by conventional 2D analysis.",,
38_51763435_2_2,How does percutaneous cholecystostomy (PC) compare to surgical cholecystectomy as a treatment for acute calculous and acalculous cholecystitis?,"PC has emerged as an alternative to surgical cholecystectomy for acute calculous and acalculous cholecystitis. It provides diagnostic information about bacterial culture data and therapeutic decompression of the gallbladder for patients who are too ill for surgery. However, compared to surgical cholecystectomy, patients who undergo PC have longer lengths of stay and higher rates of mortality, even after adjusting for age, comorbidity, and year.","Percutaneous cholecystostomy (PC) has emerged as an alternative to surgical cholecystectomy for acute calculous and acalculous cholecystitis. PC provides both diagnostic information about bacterial culture data and therapeutic decompression of the gallbladder for patients who are too ill for a surgical cholecystectomy. While PC is often used as a temporizing measure, it can also become definitive therapy for some patients, obviating the need for further surgical intervention. However, there is a need for more definitive criteria to determine which patient population should be treated with PC.",,
